[
  {
    "url": "/news/weekly-schedule-updates/05182020",
    "hugo_title": "Public Engagements Schedule for the Week of May 18 – May 24, 2020 | U.S. Department of the Treasury",
    "drupal_title": "Public Engagements Schedule for the Week of May 18 – May 24, 2020 | U.S. Department of the Treasury",
    "title_match": true
  },
  {
    "url": "/news/weekly-schedule-updates/06142019",
    "hugo_title": "Public Engagements Schedule for the Week of June 17 – June 23 | U.S. Department of the Treasury",
    "drupal_title": "Public Engagements Schedule for the Week of June 17 – June 23 | U.S. Department of the Treasury",
    "title_match": true
  },
  {
    "url": "/news/weekly-schedule-updates/12232019",
    "hugo_title": "Public Engagements Schedule for the Week of December 23 – 27, 2019 | U.S. Department of the Treasury",
    "drupal_title": "Public Engagements Schedule for the Week of December 23 – 27, 2019 | U.S. Department of the Treasury",
    "title_match": true
  },
  {
    "url": "/news/weekly-schedule-updates/04062020",
    "hugo_title": "Public Engagements Schedule for the Week of April 6 – 12, 2020 | U.S. Department of the Treasury",
    "drupal_title": "Public Engagements Schedule for the Week of April 6 – 12, 2020 | U.S. Department of the Treasury",
    "title_match": true
  },
  {
    "url": "/news/weekly-schedule-updates/12022019",
    "hugo_title": "Public Engagements Schedule for the Week of December 2 – 8, 2019 | U.S. Department of the Treasury",
    "drupal_title": "Public Engagements Schedule for the Week of December 2 – 8, 2019 | U.S. Department of the Treasury",
    "title_match": true
  },
  {
    "url": "/news/weekly-schedule-updates/04272020",
    "hugo_title": "Public Engagements Schedule for the Week of April 27 - May 3, 2020 | U.S. Department of the Treasury",
    "drupal_title": "Public Engagements Schedule for the Week of April 27 - May 3, 2020 | U.S. Department of the Treasury",
    "title_match": true
  },
  {
    "url": "/news/weekly-schedule-updates/06252018",
    "hugo_title": "Public Engagements Schedule for the Week of June 25 – July 1 | U.S. Department of the Treasury",
    "drupal_title": "Public Engagements Schedule for the Week of June 25 – July 1 | U.S. Department of the Treasury",
    "title_match": true
  },
  {
    "url": "/news/weekly-schedule-updates/11022020",
    "hugo_title": "Public Engagements Schedule for the Week of November 2– November 8, 2020 | U.S. Department of the Treasury",
    "drupal_title": "Public Engagements Schedule for the Week of November 2– November 8, 2020 | U.S. Department of the Treasury",
    "title_match": true
  },
  {
    "url": "/news/weekly-schedule-updates/05032020",
    "hugo_title": "Public Engagements Schedule for the Week of May 4 – May 10, 2020 | U.S. Department of the Treasury",
    "drupal_title": "Public Engagements Schedule for the Week of May 4 – May 10, 2020 | U.S. Department of the Treasury",
    "title_match": true
  },
  {
    "url": "/news/weekly-schedule-updates/06012018",
    "hugo_title": "Public Engagements Schedule for the Week of June 11 – 17 | U.S. Department of the Treasury",
    "drupal_title": "Public Engagements Schedule for the Week of June 11 – 17 | U.S. Department of the Treasury",
    "title_match": true
  },
  {
    "url": "/news/weekly-schedule-updates/09142018",
    "hugo_title": "Public Engagements Schedule for the Week of September 17 – 23 | U.S. Department of the Treasury",
    "drupal_title": "Public Engagements Schedule for the Week of September 17 – 23 | U.S. Department of the Treasury",
    "title_match": true
  },
  {
    "url": "/news/weekly-schedule-updates/12042017",
    "hugo_title": "Public Engagements Schedule for the Week of December 4 – 10 | U.S. Department of the Treasury",
    "drupal_title": "Public Engagements Schedule for the Week of December 4 – 10 | U.S. Department of the Treasury",
    "title_match": true
  },
  {
    "url": "/news/weekly-schedule-updates/10262020",
    "hugo_title": "Public Engagements Schedule for the Week of October 26 – November 1, 2020 | U.S. Department of the Treasury",
    "drupal_title": "Public Engagements Schedule for the Week of October 26 – November 1, 2020 | U.S. Department of the Treasury",
    "title_match": true
  },
  {
    "url": "/news/weekly-schedule-updates/public-engagements-schedule-for-the-week-of-august-27-%e2%80%93-september-2",
    "hugo_title": "Public Engagements Schedule for the Week of August 27 – September 2 | U.S. Department of the Treasury",
    "drupal_title": "Public Engagements Schedule for the Week of August 27 – September 2 | U.S. Department of the Treasury",
    "title_match": true
  },
  {
    "url": "/news/weekly-schedule-updates/12242018",
    "hugo_title": "Public Engagements Schedule for the Week of December 24 – 30 | U.S. Department of the Treasury",
    "drupal_title": "Public Engagements Schedule for the Week of December 24 – 30 | U.S. Department of the Treasury",
    "title_match": true
  },
  {
    "url": "/news/weekly-schedule-updates/03232020",
    "hugo_title": "Public Engagements Schedule for the Weeks of March 23 – 29, 2020 | U.S. Department of the Treasury",
    "drupal_title": "Public Engagements Schedule for the Weeks of March 23 – 29, 2020 | U.S. Department of the Treasury",
    "title_match": true
  },
  {
    "url": "/news/weekly-schedule-updates/09072020",
    "hugo_title": "Public Engagements Schedule for the Week of September 7 – September 13, 2020 | U.S. Department of the Treasury",
    "drupal_title": "Public Engagements Schedule for the Week of September 7 – September 13, 2020 | U.S. Department of the Treasury",
    "title_match": true
  },
  {
    "url": "/news/weekly-schedule-updates/01202020",
    "hugo_title": "Public Engagements Schedule for the Week of January 20 – 26, 2020 | U.S. Department of the Treasury",
    "drupal_title": "Public Engagements Schedule for the Week of January 20 – 26, 2020 | U.S. Department of the Treasury",
    "title_match": true
  },
  {
    "url": "/news/weekly-schedule-updates/11252019",
    "hugo_title": "Public Engagements Schedule for the Week of November 25 – December 1, 2019 | U.S. Department of the Treasury",
    "drupal_title": "Public Engagements Schedule for the Week of November 25 – December 1, 2019 | U.S. Department of the Treasury",
    "title_match": true
  },
  {
    "url": "/news/weekly-schedule-updates/04022018",
    "hugo_title": "Public Engagements Schedule for the Week of April 2 – 8 | U.S. Department of the Treasury",
    "drupal_title": "Public Engagements Schedule for the Week of April 2 – 8 | U.S. Department of the Treasury",
    "title_match": true
  },
  {
    "url": "/news/weekly-schedule-updates/02082019",
    "hugo_title": "Public Engagements Schedule for the Week of February 11 – 17 | U.S. Department of the Treasury",
    "drupal_title": "Public Engagements Schedule for the Week of February 11 – 17 | U.S. Department of the Treasury",
    "title_match": true
  },
  {
    "url": "/news/weekly-schedule-updates/03082019",
    "hugo_title": "Public Engagements Schedule for the Week of March 11 – 17 | U.S. Department of the Treasury",
    "drupal_title": "Public Engagements Schedule for the Week of March 11 – 17 | U.S. Department of the Treasury",
    "title_match": true
  },
  {
    "url": "/news/weekly-schedule-updates/06242019",
    "hugo_title": "UPDATED: Public Engagements Schedule for the Week of June 24 – June 30 | U.S. Department of the Treasury",
    "drupal_title": "UPDATED: Public Engagements Schedule for the Week of June 24 – June 30 | U.S. Department of the Treasury",
    "title_match": true
  },
  {
    "url": "/news/weekly-schedule-updates/08312020",
    "hugo_title": "Public Engagements Schedule for the Week of August 31 – September 6, 2020 | U.S. Department of the Treasury",
    "drupal_title": "Public Engagements Schedule for the Week of August 31 – September 6, 2020 | U.S. Department of the Treasury",
    "title_match": true
  },
  {
    "url": "/news/weekly-schedule-updates/01182021",
    "hugo_title": "Public Engagements Schedule for the Week of January 18 – January 20, 2021 | U.S. Department of the Treasury",
    "drupal_title": "Public Engagements Schedule for the Week of January 18 – January 20, 2021 | U.S. Department of the Treasury",
    "title_match": true
  },
  {
    "url": "/news/weekly-schedule-updates/03042019",
    "hugo_title": "Public Engagements Schedule for the Week of March 4 – 10 | U.S. Department of the Treasury",
    "drupal_title": "Public Engagements Schedule for the Week of March 4 – 10 | U.S. Department of the Treasury",
    "title_match": true
  },
  {
    "url": "/news/weekly-schedule-updates/10272019",
    "hugo_title": "Public Engagements Schedule for the Week of October 28 – November 3, 2019 | U.S. Department of the Treasury",
    "drupal_title": "Public Engagements Schedule for the Week of October 28 – November 3, 2019 | U.S. Department of the Treasury",
    "title_match": true
  },
  {
    "url": "/news/weekly-schedule-updates/05102019",
    "hugo_title": "Public Engagements Schedule for the Week of May 13 – 19 | U.S. Department of the Treasury",
    "drupal_title": "Public Engagements Schedule for the Week of May 13 – 19 | U.S. Department of the Treasury",
    "title_match": true
  },
  {
    "url": "/news/weekly-schedule-updates/10292018",
    "hugo_title": "Public Engagements Schedule for the Week of October 29 – November 4 | U.S. Department of the Treasury",
    "drupal_title": "Public Engagements Schedule for the Week of October 29 – November 4 | U.S. Department of the Treasury",
    "title_match": true
  },
  {
    "url": "/news/weekly-schedule-updates/08172020",
    "hugo_title": "Public Engagements Schedule for the Week of August 17 – August 23, 2020 | U.S. Department of the Treasury",
    "drupal_title": "Public Engagements Schedule for the Week of August 17 – August 23, 2020 | U.S. Department of the Treasury",
    "title_match": true
  },
  {
    "url": "/news/weekly-schedule-updates/09092019",
    "hugo_title": "Updated Public Engagements Schedule for the Week of September 9 – September 15 | U.S. Department of the Treasury",
    "drupal_title": "Updated Public Engagements Schedule for the Week of September 9 – September 15 | U.S. Department of the Treasury",
    "title_match": true
  },
  {
    "url": "/news/weekly-schedule-updates/01042021",
    "hugo_title": "Public Engagements Schedule for the Week of January 4 – January 10, 2021 | U.S. Department of the Treasury",
    "drupal_title": "Public Engagements Schedule for the Week of January 4 – January 10, 2021 | U.S. Department of the Treasury",
    "title_match": true
  },
  {
    "url": "/news/weekly-schedule-updates/01062020",
    "hugo_title": "Public Engagements Schedule for the Week of January 6 – 12, 2020 | U.S. Department of the Treasury",
    "drupal_title": "Public Engagements Schedule for the Week of January 6 – 12, 2020 | U.S. Department of the Treasury",
    "title_match": true
  },
  {
    "url": "/news/weekly-schedule-updates/10012018",
    "hugo_title": "Public Engagements Schedule for the Week of October 1 – 7 | U.S. Department of the Treasury",
    "drupal_title": "Public Engagements Schedule for the Week of October 1 – 7 | U.S. Department of the Treasury",
    "title_match": true
  },
  {
    "url": "/news/weekly-schedule-updates/04262019",
    "hugo_title": "Public Engagements Schedule for the Week of April 29 – May 5 | U.S. Department of the Treasury",
    "drupal_title": "Public Engagements Schedule for the Week of April 29 – May 5 | U.S. Department of the Treasury",
    "title_match": true
  },
  {
    "url": "/news/weekly-schedule-updates/05282018",
    "hugo_title": "Public Engagements Schedule for the Week of May 28 – June 3 | U.S. Department of the Treasury",
    "drupal_title": "Public Engagements Schedule for the Week of May 28 – June 3 | U.S. Department of the Treasury",
    "title_match": true
  },
  {
    "url": "/news/weekly-schedule-updates/09212020",
    "hugo_title": "Public Engagements Schedule for the Week of September 21 – September 27, 2020 | U.S. Department of the Treasury",
    "drupal_title": "Public Engagements Schedule for the Week of September 21 – September 27, 2020 | U.S. Department of the Treasury",
    "title_match": true
  },
  {
    "url": "/news/weekly-schedule-updates/08202018",
    "hugo_title": "Public Engagements Schedule for the Week of August 20 – 26 | U.S. Department of the Treasury",
    "drupal_title": "Public Engagements Schedule for the Week of August 20 – 26 | U.S. Department of the Treasury",
    "title_match": true
  },
  {
    "url": "/news/weekly-schedule-updates/09302019",
    "hugo_title": "Public Engagements Schedule for the Week of September 30 – October 6 | U.S. Department of the Treasury",
    "drupal_title": "Public Engagements Schedule for the Week of September 30 – October 6 | U.S. Department of the Treasury",
    "title_match": true
  },
  {
    "url": "/news/weekly-schedule-updates/12102018",
    "hugo_title": "Public Engagements Schedule for the Week of December 10 – 16 | U.S. Department of the Treasury",
    "drupal_title": "Public Engagements Schedule for the Week of December 10 – 16 | U.S. Department of the Treasury",
    "title_match": true
  },
  {
    "url": "/news/weekly-schedule-updates/07272018",
    "hugo_title": "Public Engagements Schedule for the Week of July 30 – August 5 | U.S. Department of the Treasury",
    "drupal_title": "Public Engagements Schedule for the Week of July 30 – August 5 | U.S. Department of the Treasury",
    "title_match": true
  },
  {
    "url": "/news/weekly-schedule-updates/07292019",
    "hugo_title": "Public Engagements Schedule for the Week of July 29 – August 4 | U.S. Department of the Treasury",
    "drupal_title": "Public Engagements Schedule for the Week of July 29 – August 4 | U.S. Department of the Treasury",
    "title_match": true
  },
  {
    "url": "/news/weekly-schedule-updates/03092020",
    "hugo_title": "Public Engagements Schedule for the Week of March 9 – 15, 2020 | U.S. Department of the Treasury",
    "drupal_title": "Public Engagements Schedule for the Week of March 9 – 15, 2020 | U.S. Department of the Treasury",
    "title_match": true
  },
  {
    "url": "/news/weekly-schedule-updates/10122020",
    "hugo_title": "Public Engagements Schedule for the Week of October 12 – October 18, 2020 | U.S. Department of the Treasury",
    "drupal_title": "Public Engagements Schedule for the Week of October 12 – October 18, 2020 | U.S. Department of the Treasury",
    "title_match": true
  },
  {
    "url": "/news/weekly-schedule-updates/01152018",
    "hugo_title": "Public Engagements Schedule for the Week of January 15 - 21 | U.S. Department of the Treasury",
    "drupal_title": "Public Engagements Schedule for the Week of January 15 - 21 | U.S. Department of the Treasury",
    "title_match": true
  },
  {
    "url": "/news/weekly-schedule-updates/12182017",
    "hugo_title": "Public Engagements Schedule for the Week of December 18 – 24 | U.S. Department of the Treasury",
    "drupal_title": "Public Engagements Schedule for the Week of December 18 – 24 | U.S. Department of the Treasury",
    "title_match": true
  },
  {
    "url": "/news/weekly-schedule-updates/04132020",
    "hugo_title": "Public Engagements Schedule for the Week of April 13 – 19, 2020 | U.S. Department of the Treasury",
    "drupal_title": "Public Engagements Schedule for the Week of April 13 – 19, 2020 | U.S. Department of the Treasury",
    "title_match": true
  },
  {
    "url": "/news/weekly-schedule-updates/12072020",
    "hugo_title": "Public Engagements Schedule for the Week of December 7 – December 13, 2020 | U.S. Department of the Treasury",
    "drupal_title": "Public Engagements Schedule for the Week of December 7 – December 13, 2020 | U.S. Department of the Treasury",
    "title_match": true
  },
  {
    "url": "/news/weekly-schedule-updates/04222019",
    "hugo_title": "Public Engagements Schedule for the Week of April 22 – 28 | U.S. Department of the Treasury",
    "drupal_title": "Public Engagements Schedule for the Week of April 22 – 28 | U.S. Department of the Treasury",
    "title_match": true
  },
  {
    "url": "/news/weekly-schedule-updates/02122018",
    "hugo_title": "Public Engagements Schedule for the Week of February 12 - 18 | U.S. Department of the Treasury",
    "drupal_title": "Public Engagements Schedule for the Week of February 12 - 18 | U.S. Department of the Treasury",
    "title_match": true
  },
  {
    "url": "/news/weekly-schedule-updates/03122018",
    "hugo_title": "Public Engagements Schedule for the Week of March 12 – 18 | U.S. Department of the Treasury",
    "drupal_title": "Public Engagements Schedule for the Week of March 12 – 18 | U.S. Department of the Treasury",
    "title_match": true
  },
  {
    "url": "/news/weekly-schedule-updates/06222020",
    "hugo_title": "Public Engagements Schedule for the Week of June 22 - 28, 2020 | U.S. Department of the Treasury",
    "drupal_title": "Public Engagements Schedule for the Week of June 22 - 28, 2020 | U.S. Department of the Treasury",
    "title_match": true
  },
  {
    "url": "/news/weekly-schedule-updates/04162018",
    "hugo_title": "Public Engagements Schedule for the Week of April 16 – 22 | U.S. Department of the Treasury",
    "drupal_title": "Public Engagements Schedule for the Week of April 16 – 22 | U.S. Department of the Treasury",
    "title_match": true
  },
  {
    "url": "/news/weekly-schedule-updates/11012017",
    "hugo_title": "Public Engagements Schedule for the Week of October 30 – November 5, 2017 | U.S. Department of the Treasury",
    "drupal_title": "Public Engagements Schedule for the Week of October 30 – November 5, 2017 | U.S. Department of the Treasury",
    "title_match": true
  },
  {
    "url": "/news/weekly-schedule-updates/8242020",
    "hugo_title": "Public Engagements Schedule for the Week of August 24 – August 30, 2020 | U.S. Department of the Treasury",
    "drupal_title": "Public Engagements Schedule for the Week of August 24 – August 30, 2020 | U.S. Department of the Treasury",
    "title_match": true
  },
  {
    "url": "/news/weekly-schedule-updates/07062020",
    "hugo_title": "Public Engagements Schedule for the Week of July 6 – 12, 2020 | U.S. Department of the Treasury",
    "drupal_title": "Public Engagements Schedule for the Week of July 6 – 12, 2020 | U.S. Department of the Treasury",
    "title_match": true
  },
  {
    "url": "/news/weekly-schedule-updates/11132017",
    "hugo_title": "Public Engagements Schedule for the Week of November 13 - 19 | U.S. Department of the Treasury",
    "drupal_title": "Public Engagements Schedule for the Week of November 13 - 19 | U.S. Department of the Treasury",
    "title_match": true
  },
  {
    "url": "/news/weekly-schedule-updates/09022019",
    "hugo_title": "Public Engagements Schedule for the Week of September 2 – September 8 | U.S. Department of the Treasury",
    "drupal_title": "Public Engagements Schedule for the Week of September 2 – September 8 | U.S. Department of the Treasury",
    "title_match": true
  },
  {
    "url": "/news/weekly-schedule-updates/02252020",
    "hugo_title": "Public Engagements Schedule for the Week of February 24 – March 1, 2020 | U.S. Department of the Treasury",
    "drupal_title": "Public Engagements Schedule for the Week of February 24 – March 1, 2020 | U.S. Department of the Treasury",
    "title_match": true
  },
  {
    "url": "/news/weekly-schedule-updates/12142018",
    "hugo_title": "Public Engagements Schedule for the Week of December 17 – 23 | U.S. Department of the Treasury",
    "drupal_title": "Public Engagements Schedule for the Week of December 17 – 23 | U.S. Department of the Treasury",
    "title_match": true
  },
  {
    "url": "/news/weekly-schedule-updates/11162020",
    "hugo_title": "Public Engagements Schedule for the Week of November 16 – November 22, 2020 | U.S. Department of the Treasury",
    "drupal_title": "Public Engagements Schedule for the Week of November 16 – November 22, 2020 | U.S. Department of the Treasury",
    "title_match": true
  },
  {
    "url": "/news/weekly-schedule-updates/08262019",
    "hugo_title": "Public Engagements Schedule for the Week of August 26 – September 1 | U.S. Department of the Treasury",
    "drupal_title": "Public Engagements Schedule for the Week of August 26 – September 1 | U.S. Department of the Treasury",
    "title_match": true
  },
  {
    "url": "/news/weekly-schedule-updates/12162019",
    "hugo_title": "Public Engagements Schedule for the Week of December 16 – 23, 2019 | U.S. Department of the Treasury",
    "drupal_title": "Public Engagements Schedule for the Week of December 16 – 23, 2019 | U.S. Department of the Treasury",
    "title_match": true
  },
  {
    "url": "/news/weekly-schedule-updates/08122019",
    "hugo_title": "Public Engagements Schedule for the Week of August 12 – August 18 | U.S. Department of the Treasury",
    "drupal_title": "Public Engagements Schedule for the Week of August 12 – August 18 | U.S. Department of the Treasury",
    "title_match": true
  },
  {
    "url": "/news/weekly-schedule-updates/07092018",
    "hugo_title": "Public Engagements Schedule for the Week of July 9 – 15 | U.S. Department of the Treasury",
    "drupal_title": "Public Engagements Schedule for the Week of July 9 – 15 | U.S. Department of the Treasury",
    "title_match": true
  },
  {
    "url": "/news/weekly-schedule-updates/12302019",
    "hugo_title": "Public Engagements Schedule for the Week of December 30, 2019 – January 3, 2020 | U.S. Department of the Treasury",
    "drupal_title": "Public Engagements Schedule for the Week of December 30, 2019 – January 3, 2020 | U.S. Department of the Treasury",
    "title_match": true
  },
  {
    "url": "/news/weekly-schedule-updates/11302020",
    "hugo_title": "Public Engagements Schedule for the Week of November 30 – December 6, 2020 | U.S. Department of the Treasury",
    "drupal_title": "Public Engagements Schedule for the Week of November 30 – December 6, 2020 | U.S. Department of the Treasury",
    "title_match": true
  },
  {
    "url": "/news/weekly-schedule-updates/07152019",
    "hugo_title": "Public Engagements Schedule for the Week of July 15 – July 21 | U.S. Department of the Treasury",
    "drupal_title": "Public Engagements Schedule for the Week of July 15 – July 21 | U.S. Department of the Treasury",
    "title_match": true
  },
  {
    "url": "/news/weekly-schedule-updates/01292018",
    "hugo_title": "Public Engagements Schedule for the Week of January 29 – February 4 | U.S. Department of the Treasury",
    "drupal_title": "Public Engagements Schedule for the Week of January 29 – February 4 | U.S. Department of the Treasury",
    "title_match": true
  },
  {
    "url": "/news/weekly-schedule-updates/08102018",
    "hugo_title": "Public Engagements Schedule for the Week of August 13 – 19 | U.S. Department of the Treasury",
    "drupal_title": "Public Engagements Schedule for the Week of August 13 – 19 | U.S. Department of the Treasury",
    "title_match": true
  },
  {
    "url": "/news/weekly-schedule-updates/01012018",
    "hugo_title": "Public Engagements Schedule for the Week of January 1 – 7 | U.S. Department of the Treasury",
    "drupal_title": "Public Engagements Schedule for the Week of January 1 – 7 | U.S. Department of the Treasury",
    "title_match": true
  },
  {
    "url": "/news/weekly-schedule-updates/02032020",
    "hugo_title": "Public Engagements Schedule for the Week of February 3 – 9, 2020 | U.S. Department of the Treasury",
    "drupal_title": "Public Engagements Schedule for the Week of February 3 – 9, 2020 | U.S. Department of the Treasury",
    "title_match": true
  },
  {
    "url": "/news/weekly-schedule-updates/06212018",
    "hugo_title": "Public Engagements Schedule for the Week of June 18 – 24 | U.S. Department of the Treasury",
    "drupal_title": "Public Engagements Schedule for the Week of June 18 – 24 | U.S. Department of the Treasury",
    "title_match": true
  },
  {
    "url": "/news/weekly-schedule-updates/07202020",
    "hugo_title": "Public Engagements Schedule for the Week of July 20 – 26, 2020 | U.S. Department of the Treasury",
    "drupal_title": "Public Engagements Schedule for the Week of July 20 – 26, 2020 | U.S. Department of the Treasury",
    "title_match": true
  },
  {
    "url": "/news/weekly-schedule-updates/10152018",
    "hugo_title": "Public Engagements Schedule for the Week of October 15 – 21 | U.S. Department of the Treasury",
    "drupal_title": "Public Engagements Schedule for the Week of October 15 – 21 | U.S. Department of the Treasury",
    "title_match": true
  },
  {
    "url": "/news/weekly-schedule-updates/11272017",
    "hugo_title": "Public Engagements Schedule for the Week of November 27 – December 3 | U.S. Department of the Treasury",
    "drupal_title": "Public Engagements Schedule for the Week of November 27 – December 3 | U.S. Department of the Treasury",
    "title_match": true
  },
  {
    "url": "/news/weekly-schedule-updates/05202019",
    "hugo_title": "Public Engagements Schedule for the Week of May 20 – 26 | U.S. Department of the Treasury",
    "drupal_title": "Public Engagements Schedule for the Week of May 20 – 26 | U.S. Department of the Treasury",
    "title_match": true
  },
  {
    "url": "/news/weekly-schedule-updates/04302018",
    "hugo_title": "Public Engagements Schedule for the Week of April 30 – May 6 | U.S. Department of the Treasury",
    "drupal_title": "Public Engagements Schedule for the Week of April 30 – May 6 | U.S. Department of the Treasury",
    "title_match": true
  },
  {
    "url": "/news/weekly-schedule-updates/10212019",
    "hugo_title": "Public Engagements Schedule for the Week of October 21 – October 27, 2019 | U.S. Department of the Treasury",
    "drupal_title": "Public Engagements Schedule for the Week of October 21 – October 27, 2019 | U.S. Department of the Treasury",
    "title_match": true
  },
  {
    "url": "/news/weekly-schedule-updates/04082019",
    "hugo_title": "Public Engagements Schedule for the Week of April 8 – 14 | U.S. Department of the Treasury",
    "drupal_title": "Public Engagements Schedule for the Week of April 8 – 14 | U.S. Department of the Treasury",
    "title_match": true
  },
  {
    "url": "/news/weekly-schedule-updates/02262018",
    "hugo_title": "Public Engagements Schedule for the Week of February 26 – March 4 | U.S. Department of the Treasury",
    "drupal_title": "Public Engagements Schedule for the Week of February 26 – March 4 | U.S. Department of the Treasury",
    "title_match": true
  },
  {
    "url": "/news/weekly-schedule-updates/08032020",
    "hugo_title": "Public Engagements Schedule for the Week of August 3 – August 9, 2020 | U.S. Department of the Treasury",
    "drupal_title": "Public Engagements Schedule for the Week of August 3 – August 9, 2020 | U.S. Department of the Treasury",
    "title_match": true
  },
  {
    "url": "/news/weekly-schedule-updates/03262018",
    "hugo_title": "Public Engagements Schedule for the Week of March 26 – April 1 | U.S. Department of the Treasury",
    "drupal_title": "Public Engagements Schedule for the Week of March 26 – April 1 | U.S. Department of the Treasury",
    "title_match": true
  },
  {
    "url": "/news/weekly-schedule-updates/12212020",
    "hugo_title": "Public Engagements Schedule for the Week of December 21 –December 27, 2020 | U.S. Department of the Treasury",
    "drupal_title": "Public Engagements Schedule for the Week of December 21 –December 27, 2020 | U.S. Department of the Treasury",
    "title_match": true
  },
  {
    "url": "/news/weekly-schedule-updates/06082020",
    "hugo_title": "Public Engagements Schedule for the Week of June 8 – June 14, 2020 | U.S. Department of the Treasury",
    "drupal_title": "Public Engagements Schedule for the Week of June 8 – June 14, 2020 | U.S. Department of the Treasury",
    "title_match": true
  },
  {
    "url": "/news/weekly-schedule-updates/05142018",
    "hugo_title": "Public Engagements Schedule for the Week of May 14 – 20 | U.S. Department of the Treasury",
    "drupal_title": "Public Engagements Schedule for the Week of May 14 – 20 | U.S. Department of the Treasury",
    "title_match": true
  },
  {
    "url": "/news/recent-highlights/counter-isis-finance-group-leaders-issue-joint-statement",
    "hugo_title": "Counter ISIS Finance Group Leaders Issue Joint Statement | U.S. Department of the Treasury",
    "drupal_title": "Counter ISIS Finance Group Leaders Issue Joint Statement | U.S. Department of the Treasury",
    "title_match": true
  },
  {
    "url": "/news/recent-highlights/secretary-mnuchin-travels-to-ohio-to-discuss-tax-reform-with-retail",
    "hugo_title": "Secretary Mnuchin Travels to Ohio to Discuss Tax Reform with Retail Merchants and Other Business Leaders | U.S. Department of the Treasury",
    "drupal_title": "Secretary Mnuchin Travels to Ohio to Discuss Tax Reform with Retail Merchants and Other Business Leaders | U.S. Department of the Treasury",
    "title_match": true
  },
  {
    "url": "/news/recent-highlights/secretary-mnuchin-travels-to-new-jersey-to-discuss-tax-reform-with-rep-tom",
    "hugo_title": "Secretary Mnuchin Travels to New Jersey to Discuss Tax Reform with Rep. Tom MacArthur and Ivanka Trump | U.S. Department of the Treasury",
    "drupal_title": "Secretary Mnuchin Travels to New Jersey to Discuss Tax Reform with Rep. Tom MacArthur and Ivanka Trump | U.S. Department of the Treasury",
    "title_match": true
  },
  {
    "url": "/news/recent-highlights/secretary-mnuchin-leads-trip-to-the-middle-east-and-india-0",
    "hugo_title": "Secretary Mnuchin Leads Trip to the Middle East and India | U.S. Department of the Treasury",
    "drupal_title": "Secretary Mnuchin Leads Trip to the Middle East and India | U.S. Department of the Treasury",
    "title_match": true
  },
  {
    "url": "/news/recent-highlights/secretary-mnuchin-attends-g7-ministerial-meeting-on-finance-focuses-on",
    "hugo_title": "Secretary Mnuchin Attends G7 Ministerial Meeting on Finance, Focuses on Growth & Security | U.S. Department of the Treasury",
    "drupal_title": "Secretary Mnuchin Attends G7 Ministerial Meeting on Finance, Focuses on Growth &amp; Security | U.S. Department of the Treasury",
    "title_match": true
  },
  {
    "url": "/news/recent-highlights/secretary-mnuchin-returns-to-missouri-with-president-trump-to-discuss-tax",
    "hugo_title": "Secretary Mnuchin Returns to Missouri with President Trump to Discuss Tax Reform | U.S. Department of the Treasury",
    "drupal_title": "Secretary Mnuchin Returns to Missouri with President Trump to Discuss Tax Reform | U.S. Department of the Treasury",
    "title_match": true
  },
  {
    "url": "/news/recent-highlights/secretary-mnuchin-visits-las-vegas-meets-with-business-leaders-to-discuss",
    "hugo_title": "Secretary Mnuchin Visits Las Vegas; Meets with Business Leaders to Discuss Tax Reform | U.S. Department of the Treasury",
    "drupal_title": "Secretary Mnuchin Visits Las Vegas; Meets with Business Leaders to Discuss Tax Reform | U.S. Department of the Treasury",
    "title_match": true
  },
  {
    "url": "/news/recent-highlights/secretary-mnuchin-travels-to-california-to-discuss-tax-reform-with-business",
    "hugo_title": "Secretary Mnuchin Travels to California to Discuss Tax Reform with Business Leaders, Hardworking Americans | U.S. Department of the Treasury",
    "drupal_title": "Secretary Mnuchin Travels to California to Discuss Tax Reform with Business Leaders, Hardworking Americans | U.S. Department of the Treasury",
    "title_match": true
  },
  {
    "url": "/news/recent-highlights/secretary-mnuchin-attends-miami-conference-promoting-prosperity-and-security",
    "hugo_title": "Secretary Mnuchin Attends Miami Conference Promoting Prosperity and Security in Central America; Meets with Mexican Finance Minister | U.S. Department of the Treasury",
    "drupal_title": "Secretary Mnuchin Attends Miami Conference Promoting Prosperity and Security in Central America; Meets with Mexican Finance Minister | U.S. Department of the Treasury",
    "title_match": true
  },
  {
    "url": "/news/recent-highlights/secretary-mnuchin-leads-us-delegation-to-g-20-finance-ministers-and-central",
    "hugo_title": "Secretary Mnuchin Leads U.S. Delegation to G-20 Finance Ministers and Central Bank Governors Meeting in Buenos Aires, Argentina | U.S. Department of the Treasury",
    "drupal_title": "Secretary Mnuchin Leads U.S. Delegation to G-20 Finance Ministers and Central Bank Governors Meeting in Buenos Aires, Argentina | U.S. Department of the Treasury",
    "title_match": true
  },
  {
    "url": "/news/recent-highlights/secretary-mnuchin-meets-with-canadian-finance-minister-discusses-tax-reform",
    "hugo_title": "Secretary Mnuchin Meets with Canadian Finance Minister, Discusses Tax Reform & Trade Issues | U.S. Department of the Treasury",
    "drupal_title": "Secretary Mnuchin Meets with Canadian Finance Minister, Discusses Tax Reform &amp; Trade Issues | U.S. Department of the Treasury",
    "title_match": true
  },
  {
    "url": "/news/recent-highlights/treasury-sanctions-chinese-national-shipping-fentanyl-united-states",
    "hugo_title": "Treasury Sanctions Chinese National for Shipping Fentanyl to the United States | U.S. Department of the Treasury",
    "drupal_title": "Treasury Sanctions Chinese National for Shipping Fentanyl to the United States | U.S. Department of the Treasury",
    "title_match": true
  },
  {
    "url": "/news/recent-highlights/secretary-mnuchin-travels-to-new-york-to-commemorate-un-vote-on-israel",
    "hugo_title": "Secretary Mnuchin Travels to New York to Commemorate U.N. Vote on Israel, Delivers Remarks at Treasury Market Structure Conference | U.S. Department of the Treasury",
    "drupal_title": "Secretary Mnuchin Travels to New York to Commemorate U.N. Vote on Israel, Delivers Remarks at Treasury Market Structure Conference | U.S. Department of the Treasury",
    "title_match": true
  },
  {
    "url": "/news/recent-highlights/secretary-mnuchin-travels-to-pennsylvania-with-president-trump-highlights",
    "hugo_title": "Secretary Mnuchin Travels to Pennsylvania with President Trump, Highlights Benefits of Tax Reform | U.S. Department of the Treasury",
    "drupal_title": "Secretary Mnuchin Travels to Pennsylvania with President Trump, Highlights Benefits of Tax Reform | U.S. Department of the Treasury",
    "title_match": true
  }
]